review_title,review_date_original,review_date,review_rating,review_text,page_number
The experience was great i mean at‚Ä¶,4 days ago,2024-07-07,Rated 5 out of 5 stars,The experience was great i mean at first it was really nice i made money real quick but now idk it‚Äôs tough i mean i play the games same as i did before when i made profit but now it‚Äôs like in mines whenever i play i am in loss. So idk maybe the game has a limit or maybe it‚Äôs pure luck . ,1
I have to admit stake is by far the‚Ä¶,2 days ago,2024-07-09,Rated 5 out of 5 stars,I have to admit stake is by far the best online casino ive played wide assortment of games weekly and monthly bonuses are unmatched and they give instant payouts im so glad i found stake i actually cash money out at stake ,1
Rockman198024 stake is the best,5 hours ago,2024-07-11,Rated 5 out of 5 stars,Stake is very good to play you win and lose I have been playing for over a year and haven't played at any other sites since very loyal customer you have good and bad runs but overall a wonderful site with lots of good bonuses they treat there vip players great üëç üëå ,1
Reliability,7 days ago,2024-07-04,Rated 4 out of 5 stars,"Stake has been reliable for a long time already and they have a great VIP program for the players. Every player has the equal chance of winning using the client seed system. The staff are very helpful and friendly. I never encountered rudeness when using Stake as my personal favorite Crypto Casino. They also have the best PLINKO house game in all casino sites for sure. Everything is smooth, unless Eddie is streaming during Saturdays lolStake: erwingallo24Level 2 Verified ‚úîÔ∏èPlatinum 4",1
I finally found a casino site that pays‚Ä¶,2 days ago,2024-07-09,Rated 5 out of 5 stars,I finally found a casino site that pays out often.. I‚Äôve withdrawn thousands in my first month on 10 and 20 cent bets and the support staff are helpful and very friendly ,1
Stake is my number one casino I go to,2 days ago,2024-07-09,Rated 5 out of 5 stars,Stake is my number one casino I go to. They have the best bonuses out of any other casino I play. This last year I was given 1000 for new years a Christmas. I like that I can withdrawal with out having to play iny play through.,1
This website scam,6 hours ago,2024-07-11,Rated 1 out of 5 stars,This website is the biggest con in history. There is no regulation from any legitimate companies. They use scam algorithms drain you to last cent. It‚Äôs truly a fraudulent company stealing your money and they will do jail time. Don‚Äôt play here ,1
Cleanest casino company,17 hours ago,2024-07-11,Rated 5 out of 5 stars,"Cleanest casino company, good promotions, good support & host vip, fast wd.",1
Stake is great ,5 days ago,2024-07-06,Rated 5 out of 5 stars,Stake is great A lot of live games and slots Sports bet is good too because they have complete player props and many options over/under in gameAnd stake have too many bonus üòçStake: mktgeran,1
 Stake is more than just a gambling website,5 days ago,2024-07-06,Rated 5 out of 5 stars,"Hey, This Is Utkarsh. I would like to share my experience on Stake . Stake is more than just a gambling website; it's a platform that prioritizes user experience, fairness, and reliability. Whether you're a seasoned gambler or a casual player looking to try your luck, Stake offers a secure and entertaining environment to enjoy your favorite games. My positive experience with Stake has certainly made me a loyal fan, and I would highly recommend it to anyone looking for a top-notch online gambling¬†experience. ",1
Been playing at Stake for several‚Ä¶,3 days ago,2024-07-08,Rated 1 out of 5 stars,"Been playing at Stake for several months, in the beginning there were a few rewarding sessions and I was able to maintain. Lately it feel's very scripted to Stake's advantage, some of my session stats is 22 bonus buys in a row, where not a single one gives above 100x, in other words, buying more than 22 bonus in a row and not a single one return the ammount i bought the bonus for. That's such a shame. After some reflection, I finally figured out how Stake is able to ""give back"" the 15-18 MILLION DOLLARS each week. Simply because they scam even bigger ammounts out of everyone.I highly recommend to NOT visit Stake. ",1
All online casinos are scams on the top‚Ä¶,2 days ago,2024-07-09,Rated 1 out of 5 stars,All online casinos are scams on the top of them stake literally destroying high rollers it is better for u to go to a land base casino and play and enjoy real gambeling experience rather than getting fooled by softwares and programs People losing their entire life savings in hours what a  curse ,1
Stake's gaming community is great,"Jun 28, 2024",2024-06-28,Rated 5 out of 5 stars,"Stake's gaming community is great, which is beyond any online casino. The weekly live events and various community tasks make me feel that Stake is a product that focuses on entertainment games. I hope Stake can create more activities that players can interact with!",1
SENT MY MONEY TO WRONG CRYPTO ADDRESS,2 days ago,2024-07-09,Rated 1 out of 5 stars,I withdrawled my money by pasting the correct crypto address and Stake.com sent it to the totally different address. Support aint doing SHI and super unprofessional like a bot. AVOID THIS WEBSITE!!!!!!!,1
For giving welcome bonus you are taking‚Ä¶,15 hours ago,2024-07-11,Rated 3 out of 5 stars,For giving welcome bonus you are taking lots of time this is not fair ,1
Me and my husband are playing on this‚Ä¶,6 days ago,2024-07-05,Rated 1 out of 5 stars,"Me and my husband are playing on this since last 15 days. Although the interface amd odding bets seems all legit but when it comes to wallet balance, our 60000 rupees in the wallet suddenly disappeared amd when my husband used to earn good amount of money, they stopped any deposits to the wallet. And the biggest of all since we started depositing the amount in stake, there has been fraudulent transfers from our bank account seems to have hacked through stakeThey don‚Äôt provide any kind of support or resolution ",1
The best casino ever,"Jun 27, 2024",2024-06-27,Rated 5 out of 5 stars,"I have played at many online casinos, but for me, Stake is the best. They offer fast deposits (on average 1 minute) and even faster withdrawals. It‚Äôs the only casino where I‚Äôm overall in profit. The support team always replies within a couple of minutes, and the more you play, the greater the bonuses. I have nothing bad to say about Stake.",1
This is the best online Crypto Casino‚Ä¶,"Jul 1, 2024",2024-07-01,Rated 5 out of 5 stars,"This is the best online Crypto Casino currently online, the best bio program going, very fair. I have done quite well. If you want to gamble online with dollars or Crypto especially for us up in the great white north, Stake is the only stop you want or need. Deposits are fast and most important withdrawals are quick and dependable and I have withdrawn 10k at a time, easy as pie. So get in over here! You will enjoy your time, with the amazing games and great support. I can‚Äôt say enough! Do yourself a favour for your hard earned if you‚Äôre gonna play online. Play at Stake most importantly‚Ä¶ Stay at Stake the benefits are the best!Good Luck! and if you see me in chat chopping it up with other players say hi! My handle is dteslots. Hopefully you choose Stake over the Fake Stakes that hold your withdrawals for days( technical difficulties..wink wink). I will not name them, just don‚Äôt go there. Come into the most welcoming, fun, straight forward online Casino‚Ä¶..Stake!",1
Great experience,"Jun 26, 2024",2024-06-26,Rated 5 out of 5 stars,"Great experience, nice UI. Very easy to use. ID verify process is easy. Site works well on both mobile and iPad, desktop. Excellent range of games, slots etc. I like this site considering the stats it gives, rewards for spending... top notch effort by the stake team",1
Great experience as usual,"Jul 3, 2024",2024-07-03,Rated 5 out of 5 stars,"Great experience as usual, but the reward at plat 4-5-6 could be improve... they would really need",1
Actually this is a best online casino‚Ä¶,"Jun 22, 2024",2024-06-22,Rated 5 out of 5 stars,Actually this is a best online casino where you could enjoy fan and get a real win with easy cash out for your crypto wallet in 1 min. Huge recommend because always yo getting a real bonus. ,2
Stake is like gold digger üôåüèª,4 days ago,2024-07-07,Rated 1 out of 5 stars,Stake when we gamble they will give a win and they after a several minutes they take the all the money its like mod computer we can‚Äôt do the money in stake üôåüèªits full of loosing money only üôåüèª,2
hands down just do it,"Jun 27, 2024",2024-06-27,Rated 5 out of 5 stars,hands down just do it. been ridin with them since milk was drippin on my lip...btw.. my stake username is keysaunsmith ...there not payin me for this but they have so many good promotions and customer service i thought id drop my name so they can bless me like they always do ;),2
Withdrawal issue,4 days ago,2024-07-07,Rated 2 out of 5 stars,I withdrawal my part of earned money on 6 of july at 2:53 am to my account through which i make deposits into the stake but even now money is not reflecting in that account.why?,2
10/10 best online casino I use.,"Jun 25, 2024",2024-06-25,Rated 5 out of 5 stars,10/10 best online casino I use.‚Ä¢Fastest deposits & withdrawals ‚Ä¢Major game selection ‚Ä¢best bonuses I recommend stake to all my friends I just wish there was a refferal bonus !,2
Experience ,"Jun 29, 2024",2024-06-29,Rated 5 out of 5 stars,This experience has been fabulous! Daily limits on deposit is a great way too! The staff respond quickly too when been asked! ,2
Its a great website filled with great‚Ä¶,"Jul 2, 2024",2024-07-02,Rated 5 out of 5 stars,Its a great website filled with great games and options slots is my favourite with Many different providers and you can play in various currencies and a lot of live games such as blackjack and baccarat ,2
Money comes and money goes,Updated 3 days ago,2024-07-08,Rated 5 out of 5 stars,Money comes and money goes. Be discipline know when to cut your loss dont be greedy boysStake.com: justdamonn,2
ATTENTION !!!,3 days ago,2024-07-08,Rated 1 out of 5 stars,ATTENTION !!!! SCAM COMPANY I HAVE OVER 20 DEPOSITS AND NOT ONE WITHDRAWAL THEY MANIPULATE THE GAMES ONLY STREAMERS HAVE THE BIGGEST RTP THIS SCAM SITE SHOULD BE CONDEMNED Edward Craven THE AUSTRALIAN  BILLIONAIRE !!!!,2
I've enjoyed a lot betting on stake,"Jun 23, 2024",2024-06-23,Rated 5 out of 5 stars,I've enjoyed a lot betting on stakeA fully transparent enterprise. I didn't had a singe bad point in all my 2 days experience until now. A lot of fun games ,2
it is the best i have played with,"Jun 29, 2024",2024-06-29,Rated 5 out of 5 stars,"""I've been playing on Stake.com for several years and remain thoroughly satisfied with the platform. The seamless integration with cryptocurrencies makes transactions quick and easy, and the wide variety of games and sports betting options keeps the experience fresh and exciting. The user interface is intuitive, and the promotions are always enticing. Overall, Stake.com has consistently delivered a reliable and enjoyable gaming experience.""",2
Absolutely best betting platform..,"Jun 29, 2024",2024-06-29,Rated 5 out of 5 stars,"Absolutely best betting platform... Because of their high bonus gifts and smooth platform, it makes them best to use ",2
Stake Bet app is superb with its‚Ä¶,"Jul 2, 2024",2024-07-02,Rated 5 out of 5 stars,"Stake Bet app is superb with its user-friendly interface, wide betting options, competitive odds, and robust security. The customer support is exceptional, and frequent bonuses enhance the experience. A must-have for both novice and seasoned bettors. Highly recommended for a seamless and enjoyable betting experience!",2
would be banned from the German chat‚Ä¶,4 days ago,2024-07-07,Rated 1 out of 5 stars,"would be banned from the German chat for 2 weeks, a mod names: Kartenstapel without a reason I would be banned for 2 weeks, I have lost thousands of dollars and you will never be treated like that again. Stake",2
Hello stake team my stake I'd is‚Ä¶,3 days ago,2024-07-08,Rated 2 out of 5 stars,Hello stake team my stake I'd is Ankushboora I have request for deposit 500 my amount is deducted from my bank account and in stake account he show deposit failed ,2
I love this game website,"Jun 30, 2024",2024-06-30,Rated 5 out of 5 stars,I love this game website. I lost so much money in author gaming platform. But this gaming platform give me sweet profit ,2
Stake suspended my account with 2000USDT Unable to withdrawal,"Jul 3, 2024",2024-07-03,Rated 1 out of 5 stars,"Stake.com suspended my account with a balance of 2000 USDT, and it has been 15 days without any resolution. Despite multiple attempts to contact their support team, I'm not getting any response I'm  unable to withdraw my own funds. The lack of response and suspending my withdrawals is causing significant distress. If anyone has experienced a similar issue or can offer assistance on how to resolve this matter, your help would be greatly appreciated.Stake Username kozuk12",2
Stake has the best loyalty program,6 hours ago,2024-07-11,Rated 5 out of 5 stars,,2
Stake Is The Best,"Updated Jun 24, 2024",2024-06-24,Rated 5 out of 5 stars,"My Username : FlashcoinsI really enjoy the games on Stake and they are the most complete of all types of casino and slots games, I hope Stak continues to progress and develop",2
4 month play casino 0 withdraw ,"Jul 3, 2024",2024-07-03,Rated 1 out of 5 stars,"4 month play casino 0 withdraw , no one bonuses get normal , with 4 month in row ?  how possible  all time if I get bonuss get all time 0.80 cent to 1 eiro when get bonuss with 20-50 cent bet ,  scam adress  people if you dont want  lose easy fast money  then not play this scam site ",2
